CourseId,CourseType,CourseName,Semester,NormalizedDegree,NormalizedBranch
SHSA1101,THEORY,Technical English,1,B.E,MECH
SMTA1101,THEORY,Engineering Mathematics - I,1,B.E,MECH
SCYA1101,THEORY,Engineering Chemistry,2,B.E,MECH
SCYA2101,PRACTICAL,Engineering Chemistry Lab,2,B.E,MECH
SBTA1101,THEORY,Environmental Science and Engineering,3,B.E,MECH
SEEA1103,THEORY,Electrical and Electronics Engineering,3,B.E,MECH
SMEA1201,THEORY,Engineering Materials and Metallurgy,4,B.E,MECH
SMEA2201,PRACTICAL,Workshop Practice,4,B.E,MECH
SMTA1201,THEORY,Engineering Mathematics - II,5,B.E,MECH
SMEA1102,THEORY,Engineering Drawing,5,B.E,MECH
SPHA1101,THEORY,Physics for Engineers,6,B.E,MECH
SPHA2101,PRACTICAL,Physics Lab,6,B.E,MECH
SCSA1202,THEORY,Programming with C and C++,7,B.E,MECH
SCSA1203,THEORY,Data Structures,7,B.E,MECH
SCSA1201,THEORY,Fundamentals of Digital Systems,8,B.E,MECH
SEIA2202,PRACTICAL,Digital Systems Lab,8,B.E,MECH
